{
  "token_acc":1.0,
  "token_p":1.0,
  "token_r":1.0,
  "token_f":1.0,
  "ents_p":0.6261146497,
  "ents_r":0.6225459151,
  "ents_f":0.6243251826,
  "ents_per_type":{
    "PER":{
      "p":0.6219281664,
      "r":0.7899159664,
      "f":0.6959280804
    },
    "LOC":{
      "p":0.7248062016,
      "r":0.4882506527,
      "f":0.5834633385
    },
    "ORG":{
      "p":0.5433070866,
      "r":0.3801652893,
      "f":0.4473257699
    }
  },
  "speed":2070.9217772668
}