{
  "token_acc":1.0,
  "token_p":1.0,
  "token_r":1.0,
  "token_f":1.0,
  "ents_p":0.0245372363,
  "ents_r":0.0353598015,
  "ents_f":0.0289707751,
  "ents_per_type":{
    "ORG":{
      "p":0.0248815166,
      "r":0.0471910112,
      "f":0.032583398
    },
    "LOC":{
      "p":0.0184544406,
      "r":0.0426666667,
      "f":0.0257648953
    },
    "PER":{
      "p":0.0326797386,
      "r":0.0252525253,
      "f":0.0284900285
    }
  },
  "speed":3997.1249528064
}