{
  "token_acc":1.0,
  "token_p":1.0,
  "token_r":1.0,
  "token_f":1.0,
  "ents_p":0.0195217179,
  "ents_r":0.0744416873,
  "ents_f":0.0309318211,
  "ents_per_type":{
    "ORG":{
      "p":0.0140379851,
      "r":0.0764044944,
      "f":0.0237181723
    },
    "PER":{
      "p":0.0259927798,
      "r":0.0909090909,
      "f":0.0404267266
    },
    "LOC":{
      "p":0.0146596859,
      "r":0.0373333333,
      "f":0.0210526316
    }
  },
  "speed":1629.2450798121
}