{
  "token_acc":1.0,
  "token_p":1.0,
  "token_r":1.0,
  "token_f":1.0,
  "ents_p":0.018765638,
  "ents_r":0.02849905,
  "ents_f":0.0226301232,
  "ents_per_type":{
    "ORG":{
      "p":0.0219146482,
      "r":0.0523415978,
      "f":0.0308943089
    },
    "PER":{
      "p":0.0197693575,
      "r":0.0144057623,
      "f":0.0166666667
    },
    "LOC":{
      "p":0.0151515152,
      "r":0.0365535248,
      "f":0.0214231064
    }
  },
  "speed":3937.7975459021
}