{
  "token_acc":1.0,
  "token_p":1.0,
  "token_r":1.0,
  "token_f":1.0,
  "ents_p":0.0214808788,
  "ents_r":0.0835972134,
  "ents_f":0.0341791818,
  "ents_per_type":{
    "LOC":{
      "p":0.0132517839,
      "r":0.0339425587,
      "f":0.0190615836
    },
    "ORG":{
      "p":0.0146443515,
      "r":0.0964187328,
      "f":0.0254268071
    },
    "PER":{
      "p":0.0302811824,
      "r":0.1008403361,
      "f":0.046576102
    }
  },
  "speed":1589.9384035705
}