{
  "token_acc":1.0,
  "token_p":1.0,
  "token_r":1.0,
  "token_f":1.0,
  "ents_p":0.6147488875,
  "ents_r":0.5998759305,
  "ents_f":0.6072213501,
  "ents_per_type":{
    "PER":{
      "p":0.6225099602,
      "r":0.7891414141,
      "f":0.6959910913
    },
    "LOC":{
      "p":0.7115384615,
      "r":0.4933333333,
      "f":0.5826771654
    },
    "ORG":{
      "p":0.5080906149,
      "r":0.3528089888,
      "f":0.4164456233
    }
  },
  "speed":2066.2478338063
}