{
  "token_acc":1.0,
  "token_p":1.0,
  "token_r":1.0,
  "token_f":1.0,
  "ents_p":0.7226890756,
  "ents_r":0.4357188094,
  "ents_f":0.543658633,
  "ents_per_type":{
    "LOC":{
      "p":0.8041237113,
      "r":0.2036553525,
      "f":0.325
    },
    "ORG":{
      "p":0.75,
      "r":0.041322314,
      "f":0.0783289817
    },
    "PER":{
      "p":0.7125748503,
      "r":0.7142857143,
      "f":0.7134292566
    }
  },
  "speed":1220.9276157593
}