{
  "token_acc":1.0,
  "token_p":1.0,
  "token_r":1.0,
  "token_f":1.0,
  "ents_p":0.6390041494,
  "ents_r":0.5732009926,
  "ents_f":0.6043165468,
  "ents_per_type":{
    "PER":{
      "p":0.7194679565,
      "r":0.7512626263,
      "f":0.7350216183
    },
    "LOC":{
      "p":0.4569190601,
      "r":0.4666666667,
      "f":0.4617414248
    },
    "ORG":{
      "p":0.6525423729,
      "r":0.3460674157,
      "f":0.4522760646
    }
  },
  "speed":1311.814839499
}