{
  "token_acc":1.0,
  "token_p":1.0,
  "token_r":1.0,
  "token_f":1.0,
  "ents_p":0.81040158,
  "ents_r":0.7636476427,
  "ents_f":0.7863302459,
  "ents_per_type":{
    "PER":{
      "p":0.8767833982,
      "r":0.8535353535,
      "f":0.865003199
    },
    "LOC":{
      "p":0.7235142119,
      "r":0.7466666667,
      "f":0.7349081365
    },
    "ORG":{
      "p":0.7617728532,
      "r":0.6179775281,
      "f":0.682382134
    }
  },
  "speed":2072.7252817745
}