{
  "token_acc":1.0,
  "token_p":1.0,
  "token_r":1.0,
  "token_f":1.0,
  "ents_p":0.7095088819,
  "ents_r":0.4212158809,
  "ents_f":0.5286103542,
  "ents_per_type":{
    "LOC":{
      "p":0.8319327731,
      "r":0.264,
      "f":0.4008097166
    },
    "PER":{
      "p":0.687032419,
      "r":0.6957070707,
      "f":0.6913425345
    },
    "ORG":{
      "p":0.8055555556,
      "r":0.0651685393,
      "f":0.1205821206
    }
  },
  "speed":1204.5409574836
}