{
  "token_acc":1.0,
  "token_p":1.0,
  "token_r":1.0,
  "token_f":1.0,
  "ents_p":0.8077939234,
  "ents_r":0.7745408486,
  "ents_f":0.7908179761,
  "ents_per_type":{
    "LOC":{
      "p":0.7204030227,
      "r":0.7467362924,
      "f":0.7333333333
    },
    "ORG":{
      "p":0.6813880126,
      "r":0.5950413223,
      "f":0.6352941176
    },
    "PER":{
      "p":0.90125,
      "r":0.8655462185,
      "f":0.8830373546
    }
  },
  "speed":2105.3927572048
}