{
  "token_acc":1.0,
  "token_p":1.0,
  "token_r":1.0,
  "token_f":1.0,
  "ents_p":0.6358463727,
  "ents_r":0.5661811273,
  "ents_f":0.5989949749,
  "ents_per_type":{
    "LOC":{
      "p":0.4880636605,
      "r":0.4804177546,
      "f":0.4842105263
    },
    "ORG":{
      "p":0.5764705882,
      "r":0.2699724518,
      "f":0.3677298311
    },
    "PER":{
      "p":0.7124563446,
      "r":0.7346938776,
      "f":0.7234042553
    }
  },
  "speed":1376.4193158913
}