{
  "token_acc":1.0,
  "token_p":1.0,
  "token_r":1.0,
  "token_f":1.0,
  "ents_p":0.0206372792,
  "ents_r":0.0791640279,
  "ents_f":0.0327396543,
  "ents_per_type":{
    "LOC":{
      "p":0.0062056738,
      "r":0.0182767624,
      "f":0.0092653872
    },
    "PER":{
      "p":0.0345858241,
      "r":0.0972388956,
      "f":0.051023622
    },
    "ORG":{
      "p":0.0143022806,
      "r":0.1019283747,
      "f":0.0250847458
    }
  },
  "speed":1594.0282696653
}