{
  "token_acc":1.0,
  "token_p":1.0,
  "token_r":1.0,
  "token_f":1.0,
  "ents_p":0.0166181257,
  "ents_r":0.0601736973,
  "ents_f":0.0260437643,
  "ents_per_type":{
    "PER":{
      "p":0.0229299363,
      "r":0.0681818182,
      "f":0.0343183985
    },
    "ORG":{
      "p":0.0154109589,
      "r":0.0808988764,
      "f":0.0258899676
    },
    "LOC":{
      "p":0.0061082024,
      "r":0.0186666667,
      "f":0.0092044707
    }
  },
  "speed":1673.3917179644
}