{
  "token_acc":1.0,
  "token_p":1.0,
  "token_r":1.0,
  "token_f":1.0,
  "ents_p":0.0165358744,
  "ents_r":0.0366004963,
  "ents_f":0.0227799228,
  "ents_per_type":{
    "LOC":{
      "p":0.0188679245,
      "r":0.064,
      "f":0.029143898
    },
    "PER":{
      "p":0.0113339146,
      "r":0.0164141414,
      "f":0.0134089737
    },
    "ORG":{
      "p":0.0191470844,
      "r":0.0494382022,
      "f":0.0276035132
    }
  },
  "speed":3755.4608781454
}