{
  "token_acc":1.0,
  "token_p":1.0,
  "token_r":1.0,
  "token_f":1.0,
  "ents_p":0.2842599843,
  "ents_r":0.2251861042,
  "ents_f":0.251298027,
  "ents_per_type":{
    "PER":{
      "p":0.3126934985,
      "r":0.2550505051,
      "f":0.280945758
    },
    "LOC":{
      "p":0.3215434084,
      "r":0.2666666667,
      "f":0.2915451895
    },
    "ORG":{
      "p":0.190625,
      "r":0.1370786517,
      "f":0.1594771242
    }
  },
  "speed":1927.8255608
}