{
  "token_acc":1.0,
  "token_p":1.0,
  "token_r":1.0,
  "token_f":1.0,
  "ents_p":0.2958226769,
  "ents_r":0.2197593414,
  "ents_f":0.2521802326,
  "ents_per_type":{
    "ORG":{
      "p":0.1398601399,
      "r":0.1101928375,
      "f":0.1232665639
    },
    "LOC":{
      "p":0.3014184397,
      "r":0.2219321149,
      "f":0.2556390977
    },
    "PER":{
      "p":0.3669421488,
      "r":0.2665066026,
      "f":0.3087621697
    }
  },
  "speed":1965.2224833869
}