{
  "token_acc":1.0,
  "token_p":1.0,
  "token_r":1.0,
  "token_f":1.0,
  "ents_p":0.0186199343,
  "ents_r":0.0430652312,
  "ents_f":0.025998853,
  "ents_per_type":{
    "ORG":{
      "p":0.0161550889,
      "r":0.0550964187,
      "f":0.0249843848
    },
    "LOC":{
      "p":0.0260416667,
      "r":0.091383812,
      "f":0.0405327157
    },
    "PER":{
      "p":0.0121495327,
      "r":0.0156062425,
      "f":0.0136626379
    }
  },
  "speed":3687.6515095831
}