{
  "token_acc":1.0,
  "token_p":1.0,
  "token_r":1.0,
  "token_f":1.0,
  "ents_p":0.6036977492,
  "ents_r":0.4756174794,
  "ents_f":0.5320580942,
  "ents_per_type":{
    "LOC":{
      "p":0.4137931034,
      "r":0.3759791123,
      "f":0.3939808482
    },
    "ORG":{
      "p":1.0,
      "r":0.0165289256,
      "f":0.0325203252
    },
    "PER":{
      "p":0.6752808989,
      "r":0.7214885954,
      "f":0.6976204295
    }
  },
  "speed":2098.9465479271
}