{
  "token_acc":1.0,
  "token_p":1.0,
  "token_r":1.0,
  "token_f":1.0,
  "ents_p":0.648,
  "ents_r":0.3517369727,
  "ents_f":0.4559710495,
  "ents_per_type":{
    "PER":{
      "p":0.6201743462,
      "r":0.6287878788,
      "f":0.6244514107
    },
    "LOC":{
      "p":0.9583333333,
      "r":0.184,
      "f":0.3087248322
    },
    "ORG":{
      "p":0.0,
      "r":0.0,
      "f":0.0
    }
  },
  "speed":1232.3023060875
}