{
  "token_acc":1.0,
  "token_p":1.0,
  "token_r":1.0,
  "token_f":1.0,
  "ents_p":0.5953565506,
  "ents_r":0.4454094293,
  "ents_f":0.5095812633,
  "ents_per_type":{
    "LOC":{
      "p":0.4489795918,
      "r":0.4106666667,
      "f":0.4289693593
    },
    "PER":{
      "p":0.6490610329,
      "r":0.6982323232,
      "f":0.6727493917
    },
    "ORG":{
      "p":1.0,
      "r":0.0247191011,
      "f":0.048245614
    }
  },
  "speed":2187.8916756098
}