{
  "token_acc":1.0,
  "token_p":1.0,
  "token_r":1.0,
  "token_f":1.0,
  "ents_p":0.6770472895,
  "ents_r":0.3717542749,
  "ents_f":0.4799672935,
  "ents_per_type":{
    "LOC":{
      "p":0.9444444444,
      "r":0.1331592689,
      "f":0.233409611
    },
    "ORG":{
      "p":0.0,
      "r":0.0,
      "f":0.0
    },
    "PER":{
      "p":0.6592865929,
      "r":0.643457383,
      "f":0.6512758202
    }
  },
  "speed":1241.4884651361
}